[
    {
        "code": "AD",
        "name_ar": "أندورا",
        "phone_code": "+376"
    },
    {
        "code": "AE",
        "name_ar": "الامارات العربية المتحدة",
        "phone_code": "+971"
    },
    {
        "code": "AF",
        "name_ar": "أفغانستان",
        "phone_code": "+93"
    },
    {
        "code": "AG",
        "name_ar": "أنتيجوا وبربودا",
        "phone_code": "+1"
    },
    {
        "code": "AI",
        "name_ar": "أنجويلا",
        "phone_code": "+1"
    },
    {
        "code": "AL",
        "name_ar": "ألبانيا",
        "phone_code": "+355"
    },
    {
        "code": "AM",
        "name_ar": "أرمينيا",
        "phone_code": "+374"
    },
    {
        "code": "AO",
        "name_ar": "أنجولا",
        "phone_code": "+244"
    },
    {
        "code": "AQ",
        "name_ar": "القطب الجنوبي",
        "phone_code": "+672"
    },
    {
        "code": "AR",
        "name_ar": "الأرجنتين",
        "phone_code": "+54"
    },
    {
        "code": "AS",
        "name_ar": "ساموا الأمريكية",
        "phone_code": "+1"
    },
    {
        "code": "AT",
        "name_ar": "النمسا",
        "phone_code": "+43"
    },
    {
        "code": "AU",
        "name_ar": "أستراليا",
        "phone_code": "+61"
    },
    {
        "code": "AW",
        "name_ar": "آروبا",
        "phone_code": "+297"
    },
    {
        "code": "AX",
        "name_ar": "جزر أولان",
        "phone_code": "+358"
    },
    {
        "code": "AZ",
        "name_ar": "أذربيجان",
        "phone_code": "+994"
    },
    {
        "code": "BA",
        "name_ar": "البوسنة والهرسك",
        "phone_code": "+387"
    },
    {
        "code": "BB",
        "name_ar": "بربادوس",
        "phone_code": "+1"
    },
    {
        "code": "BD",
        "name_ar": "بنجلاديش",
        "phone_code": "+880"
    },
    {
        "code": "BE",
        "name_ar": "بلجيكا",
        "phone_code": "+32"
    },
    {
        "code": "BF",
        "name_ar": "بوركينا فاسو",
        "phone_code": "+226"
    },
    {
        "code": "BG",
        "name_ar": "بلغاريا",
        "phone_code": "+359"
    },
    {
        "code": "BH",
        "name_ar": "البحرين",
        "phone_code": "+973"
    },
    {
        "code": "BI",
        "name_ar": "بوروندي",
        "phone_code": "+257"
    },
    {
        "code": "BJ",
        "name_ar": "بنين",
        "phone_code": "+229"
    },
    {
        "code": "BL",
        "name_ar": "سان بارتيلمي",
        "phone_code": "+590"
    },
    {
        "code": "BM",
        "name_ar": "برمودا",
        "phone_code": "+1"
    },
    {
        "code": "BN",
        "name_ar": "بروناي",
        "phone_code": "+673"
    },
    {
        "code": "BO",
        "name_ar": "بوليفيا",
        "phone_code": "+591"
    },
    {
        "code": "BQ",
        "name_ar": "بونير",
        "phone_code": "+599"
    },
    {
        "code": "BR",
        "name_ar": "البرازيل",
        "phone_code": "+55"
    },
    {
        "code": "BS",
        "name_ar": "الباهاما",
        "phone_code": "+1"
    },
    {
        "code": "BT",
        "name_ar": "بوتان",
        "phone_code": "+975"
    },
    {
        "code": "BV",
        "name_ar": "جزيرة بوفيه",
        "phone_code": "+47"
    },
    {
        "code": "BW",
        "name_ar": "بتسوانا",
        "phone_code": "+267"
    },
    {
        "code": "BY",
        "name_ar": "روسيا البيضاء",
        "phone_code": "+375"
    },
    {
        "code": "BZ",
        "name_ar": "بليز",
        "phone_code": "+501"
    },
    {
        "code": "CA",
        "name_ar": "كندا",
        "phone_code": "+1"
    },
    {
        "code": "CC",
        "name_ar": "جزر كوكوس",
        "phone_code": "+61"
    },
    {
        "code": "CD",
        "name_ar": "جمهورية الكونغو الديمقراطية",
        "phone_code": "+243"
    },
    {
        "code": "CF",
        "name_ar": "جمهورية افريقيا الوسطى",
        "phone_code": "+236"
    },
    {
        "code": "CG",
        "name_ar": "الكونغو - برازافيل",
        "phone_code": "+242"
    },
    {
        "code": "CH",
        "name_ar": "سويسرا",
        "phone_code": "+41"
    },
    {
        "code": "CI",
        "name_ar": "ساحل العاج",
        "phone_code": "+225"
    },
    {
        "code": "CK",
        "name_ar": "جزر كوك",
        "phone_code": "+682"
    },
    {
        "code": "CL",
        "name_ar": "شيلي",
        "phone_code": "+56"
    },
    {
        "code": "CM",
        "name_ar": "الكاميرون",
        "phone_code": "+237"
    },
    {
        "code": "CN",
        "name_ar": "الصين",
        "phone_code": "+86"
    },
    {
        "code": "CO",
        "name_ar": "كولومبيا",
        "phone_code": "+57"
    },
    {
        "code": "CR",
        "name_ar": "كوستاريكا",
        "phone_code": "+506"
    },
    {
        "code": "CU",
        "name_ar": "كوبا",
        "phone_code": "+53"
    },
    {
        "code": "CV",
        "name_ar": "الرأس الأخضر",
        "phone_code": "+238"
    },
    {
        "code": "CW",
        "name_ar": "كوراساو",
        "phone_code": "+599"
    },
    {
        "code": "CX",
        "name_ar": "جزيرة الكريسماس",
        "phone_code": "+61"
    },
    {
        "code": "CY",
        "name_ar": "قبرص",
        "phone_code": "+357"
    },
    {
        "code": "CZ",
        "name_ar": "جمهورية التشيك",
        "phone_code": "+420"
    },
    {
        "code": "DE",
        "name_ar": "ألمانيا",
        "phone_code": "+49"
    },
    {
        "code": "DJ",
        "name_ar": "جيبوتي",
        "phone_code": "+253"
    },
    {
        "code": "DK",
        "name_ar": "الدانمرك",
        "phone_code": "+45"
    },
    {
        "code": "DM",
        "name_ar": "دومينيكا",
        "phone_code": "+1"
    },
    {
        "code": "DO",
        "name_ar": "جمهورية الدومينيك",
        "phone_code": "+1"
    },
    {
        "code": "DZ",
        "name_ar": "الجزائر",
        "phone_code": "+213"
    },
    {
        "code": "EC",
        "name_ar": "الاكوادور",
        "phone_code": "+593"
    },
    {
        "code": "EE",
        "name_ar": "استونيا",
        "phone_code": "+372"
    },
    {
        "code": "EG",
        "name_ar": "مصر",
        "phone_code": "+20"
    },
    {
        "code": "EH",
        "name_ar": "الصحراء الغربية",
        "phone_code": "+212"
    },
    {
        "code": "ER",
        "name_ar": "اريتريا",
        "phone_code": "+291"
    },
    {
        "code": "ES",
        "name_ar": "أسبانيا",
        "phone_code": "+34"
    },
    {
        "code": "ET",
        "name_ar": "اثيوبيا",
        "phone_code": "+251"
    },
    {
        "code": "FI",
        "name_ar": "فنلندا",
        "phone_code": "+358"
    },
    {
        "code": "FJ",
        "name_ar": "فيجي",
        "phone_code": "+679"
    },
    {
        "code": "FK",
        "name_ar": "جزر فوكلاند",
        "phone_code": "+500"
    },
    {
        "code": "FM",
        "name_ar": "ميكرونيزيا",
        "phone_code": "+691"
    },
    {
        "code": "FO",
        "name_ar": "جزر فارو",
        "phone_code": "+298"
    },
    {
        "code": "FR",
        "name_ar": "فرنسا",
        "phone_code": "+33"
    },
    {
        "code": "GA",
        "name_ar": "الجابون",
        "phone_code": "+241"
    },
    {
        "code": "GB",
        "name_ar": "المملكة المتحدة",
        "phone_code": "+44"
    },
    {
        "code": "GD",
        "name_ar": "جرينادا",
        "phone_code": "+1"
    },
    {
        "code": "GE",
        "name_ar": "جورجيا",
        "phone_code": "+995"
    },
    {
        "code": "GF",
        "name_ar": "غويانا",
        "phone_code": "+594"
    },
    {
        "code": "GG",
        "name_ar": "غيرنزي",
        "phone_code": "+44"
    },
    {
        "code": "GH",
        "name_ar": "غانا",
        "phone_code": "+233"
    },
    {
        "code": "GI",
        "name_ar": "جبل طارق",
        "phone_code": "+350"
    },
    {
        "code": "GL",
        "name_ar": "جرينلاند",
        "phone_code": "+299"
    },
    {
        "code": "GM",
        "name_ar": "غامبيا",
        "phone_code": "+220"
    },
    {
        "code": "GN",
        "name_ar": "غينيا",
        "phone_code": "+224"
    },
    {
        "code": "GP",
        "name_ar": "جوادلوب",
        "phone_code": "+590"
    },
    {
        "code": "GQ",
        "name_ar": "غينيا الاستوائية",
        "phone_code": "+240"
    },
    {
        "code": "GR",
        "name_ar": "اليونان",
        "phone_code": "+30"
    },
    {
        "code": "GS",
        "name_ar": "جورجيا الجنوبية وجزر ساندويتش الجنوبية",
        "phone_code": "+500"
    },
    {
        "code": "GT",
        "name_ar": "جواتيمالا",
        "phone_code": "+502"
    },
    {
        "code": "GU",
        "name_ar": "جوام",
        "phone_code": "+1"
    },
    {
        "code": "GW",
        "name_ar": "غينيا بيساو",
        "phone_code": "+245"
    },
    {
        "code": "GY",
        "name_ar": "غيانا",
        "phone_code": "+595"
    },
    {
        "code": "HK",
        "name_ar": "هونج كونج الصينية",
        "phone_code": "+852"
    },
    {
        "code": "HM",
        "name_ar": "جزيرة هيرد وماكدونالد",
        "phone_code": ""
    },
    {
        "code": "HN",
        "name_ar": "هندوراس",
        "phone_code": "+504"
    },
    {
        "code": "HR",
        "name_ar": "كرواتيا",
        "phone_code": "+385"
    },
    {
        "code": "HT",
        "name_ar": "هايتي",
        "phone_code": "+509"
    },
    {
        "code": "HU",
        "name_ar": "المجر",
        "phone_code": "+36"
    },
    {
        "code": "ID",
        "name_ar": "اندونيسيا",
        "phone_code": "+62"
    },
    {
        "code": "IE",
        "name_ar": "أيرلندا",
        "phone_code": "+353"
    },
    {
        "code": "IL",
        "name_ar": "اسرائيل",
        "phone_code": "+972"
    },
    {
        "code": "IM",
        "name_ar": "جزيرة مان",
        "phone_code": "+44"
    },
    {
        "code": "IN",
        "name_ar": "الهند",
        "phone_code": "+91"
    },
    {
        "code": "IO",
        "name_ar": "المحيط الهندي البريطاني",
        "phone_code": "+246"
    },
    {
        "code": "IQ",
        "name_ar": "العراق",
        "phone_code": "+964"
    },
    {
        "code": "IR",
        "name_ar": "ايران",
        "phone_code": "+98"
    },
    {
        "code": "IS",
        "name_ar": "أيسلندا",
        "phone_code": "+354"
    },
    {
        "code": "IT",
        "name_ar": "ايطاليا",
        "phone_code": "+39"
    },
    {
        "code": "JE",
        "name_ar": "جيرسي",
        "phone_code": "+44"
    },
    {
        "code": "JM",
        "name_ar": "جامايكا",
        "phone_code": "+1"
    },
    {
        "code": "JO",
        "name_ar": "الأردن",
        "phone_code": "+962"
    },
    {
        "code": "JP",
        "name_ar": "اليابان",
        "phone_code": "+81"
    },
    {
        "code": "KE",
        "name_ar": "كينيا",
        "phone_code": "+254"
    },
    {
        "code": "KG",
        "name_ar": "قرغيزستان",
        "phone_code": "+996"
    },
    {
        "code": "KH",
        "name_ar": "كمبوديا",
        "phone_code": "+855"
    },
    {
        "code": "KI",
        "name_ar": "كيريباتي",
        "phone_code": "+686"
    },
    {
        "code": "KM",
        "name_ar": "جزر القمر",
        "phone_code": "+269"
    },
    {
        "code": "KN",
        "name_ar": "سانت كيتس ونيفيس",
        "phone_code": "+1"
    },
    {
        "code": "KP",
        "name_ar": "كوريا الشمالية",
        "phone_code": "+850"
    },
    {
        "code": "KR",
        "name_ar": "كوريا الجنوبية",
        "phone_code": "+82"
    },
    {
        "code": "KW",
        "name_ar": "الكويت",
        "phone_code": "+965"
    },
    {
        "code": "KY",
        "name_ar": "جزر الكايمن",
        "phone_code": "+345"
    },
    {
        "code": "KZ",
        "name_ar": "كازاخستان",
        "phone_code": "+7"
    },
    {
        "code": "LA",
        "name_ar": "لاوس",
        "phone_code": "+856"
    },
    {
        "code": "LB",
        "name_ar": "لبنان",
        "phone_code": "+961"
    },
    {
        "code": "LC",
        "name_ar": "سانت لوسيا",
        "phone_code": "+1"
    },
    {
        "code": "LI",
        "name_ar": "ليختنشتاين",
        "phone_code": "+423"
    },
    {
        "code": "LK",
        "name_ar": "سريلانكا",
        "phone_code": "+94"
    },
    {
        "code": "LR",
        "name_ar": "ليبيريا",
        "phone_code": "+231"
    },
    {
        "code": "LS",
        "name_ar": "ليسوتو",
        "phone_code": "+266"
    },
    {
        "code": "LT",
        "name_ar": "ليتوانيا",
        "phone_code": "+370"
    },
    {
        "code": "LU",
        "name_ar": "لوكسمبورج",
        "phone_code": "+352"
    },
    {
        "code": "LV",
        "name_ar": "لاتفيا",
        "phone_code": "+371"
    },
    {
        "code": "LY",
        "name_ar": "ليبيا",
        "phone_code": "+218"
    },
    {
        "code": "MA",
        "name_ar": "المغرب",
        "phone_code": "+212"
    },
    {
        "code": "MC",
        "name_ar": "موناكو",
        "phone_code": "+377"
    },
    {
        "code": "MD",
        "name_ar": "مولدافيا",
        "phone_code": "+373"
    },
    {
        "code": "ME",
        "name_ar": "الجبل الأسود",
        "phone_code": "+382"
    },
    {
        "code": "MF",
        "name_ar": "سانت مارتين",
        "phone_code": "+590"
    },
    {
        "code": "MG",
        "name_ar": "مدغشقر",
        "phone_code": "+261"
    },
    {
        "code": "MH",
        "name_ar": "جزر المارشال",
        "phone_code": "+692"
    },
    {
        "code": "MK",
        "name_ar": "مقدونيا",
        "phone_code": "+389"
    },
    {
        "code": "ML",
        "name_ar": "مالي",
        "phone_code": "+223"
    },
    {
        "code": "MM",
        "name_ar": "ميانمار",
        "phone_code": "+95"
    },
    {
        "code": "MN",
        "name_ar": "منغوليا",
        "phone_code": "+976"
    },
    {
        "code": "MO",
        "name_ar": "ماكاو الصينية",
        "phone_code": "+853"
    },
    {
        "code": "MP",
        "name_ar": "جزر ماريانا الشمالية",
        "phone_code": "+1"
    },
    {
        "code": "MQ",
        "name_ar": "مارتينيك",
        "phone_code": "+596"
    },
    {
        "code": "MR",
        "name_ar": "موريتانيا",
        "phone_code": "+222"
    },
    {
        "code": "MS",
        "name_ar": "مونتسرات",
        "phone_code": "+1"
    },
    {
        "code": "MT",
        "name_ar": "مالطا",
        "phone_code": "+356"
    },
    {
        "code": "MU",
        "name_ar": "موريشيوس",
        "phone_code": "+230"
    },
    {
        "code": "MV",
        "name_ar": "جزر الملديف",
        "phone_code": "+960"
    },
    {
        "code": "MW",
        "name_ar": "ملاوي",
        "phone_code": "+265"
    },
    {
        "code": "MX",
        "name_ar": "المكسيك",
        "phone_code": "+52"
    },
    {
        "code": "MY",
        "name_ar": "ماليزيا",
        "phone_code": "+60"
    },
    {
        "code": "MZ",
        "name_ar": "موزمبيق",
        "phone_code": "+258"
    },
    {
        "code": "NA",
        "name_ar": "ناميبيا",
        "phone_code": "+264"
    },
    {
        "code": "NC",
        "name_ar": "كاليدونيا الجديدة",
        "phone_code": "+687"
    },
    {
        "code": "NE",
        "name_ar": "النيجر",
        "phone_code": "+227"
    },
    {
        "code": "NF",
        "name_ar": "جزيرة نورفوك",
        "phone_code": "+672"
    },
    {
        "code": "NG",
        "name_ar": "نيجيريا",
        "phone_code": "+234"
    },
    {
        "code": "NI",
        "name_ar": "نيكاراجوا",
        "phone_code": "+505"
    },
    {
        "code": "NL",
        "name_ar": "هولندا",
        "phone_code": "+31"
    },
    {
        "code": "NO",
        "name_ar": "النرويج",
        "phone_code": "+47"
    },
    {
        "code": "NP",
        "name_ar": "نيبال",
        "phone_code": "+977"
    },
    {
        "code": "NR",
        "name_ar": "نورو",
        "phone_code": "+674"
    },
    {
        "code": "NU",
        "name_ar": "نيوي",
        "phone_code": "+683"
    },
    {
        "code": "NZ",
        "name_ar": "نيوزيلاندا",
        "phone_code": "+64"
    },
    {
        "code": "OM",
        "name_ar": "عمان",
        "phone_code": "+968"
    },
    {
        "code": "PA",
        "name_ar": "بنما",
        "phone_code": "+507"
    },
    {
        "code": "PE",
        "name_ar": "بيرو",
        "phone_code": "+51"
    },
    {
        "code": "PF",
        "name_ar": "بولينيزيا الفرنسية",
        "phone_code": "+689"
    },
    {
        "code": "PG",
        "name_ar": "بابوا غينيا الجديدة",
        "phone_code": "+675"
    },
    {
        "code": "PH",
        "name_ar": "الفيلبين",
        "phone_code": "+63"
    },
    {
        "code": "PK",
        "name_ar": "باكستان",
        "phone_code": "+92"
    },
    {
        "code": "PL",
        "name_ar": "بولندا",
        "phone_code": "+48"
    },
    {
        "code": "PM",
        "name_ar": "سانت بيير وميكولون",
        "phone_code": "+508"
    },
    {
        "code": "PN",
        "name_ar": "بتكايرن",
        "phone_code": "+872"
    },
    {
        "code": "PR",
        "name_ar": "بورتوريكو",
        "phone_code": "+1"
    },
    {
        "code": "PS",
        "name_ar": "فلسطين",
        "phone_code": "+970"
    },
    {
        "code": "PT",
        "name_ar": "البرتغال",
        "phone_code": "+351"
    },
    {
        "code": "PW",
        "name_ar": "بالاو",
        "phone_code": "+680"
    },
    {
        "code": "PY",
        "name_ar": "باراجواي",
        "phone_code": "+595"
    },
    {
        "code": "QA",
        "name_ar": "قطر",
        "phone_code": "+974"
    },
    {
        "code": "RE",
        "name_ar": "روينيون",
        "phone_code": "+262"
    },
    {
        "code": "RO",
        "name_ar": "رومانيا",
        "phone_code": "+40"
    },
    {
        "code": "RS",
        "name_ar": "صربيا",
        "phone_code": "+381"
    },
    {
        "code": "RU",
        "name_ar": "روسيا",
        "phone_code": "+7"
    },
    {
        "code": "RW",
        "name_ar": "رواندا",
        "phone_code": "+250"
    },
    {
        "code": "SA",
        "name_ar": "المملكة العربية السعودية",
        "phone_code": "+966"
    },
    {
        "code": "SB",
        "name_ar": "جزر سليمان",
        "phone_code": "+677"
    },
    {
        "code": "SC",
        "name_ar": "سيشل",
        "phone_code": "+248"
    },
    {
        "code": "SD",
        "name_ar": "السودان",
        "phone_code": "+249"
    },
    {
        "code": "SE",
        "name_ar": "السويد",
        "phone_code": "+46"
    },
    {
        "code": "SG",
        "name_ar": "سنغافورة",
        "phone_code": "+65"
    },
    {
        "code": "SH",
        "name_ar": "سانت هيلنا",
        "phone_code": "+290"
    },
    {
        "code": "SI",
        "name_ar": "سلوفينيا",
        "phone_code": "+386"
    },
    {
        "code": "SJ",
        "name_ar": "سفالبارد وجان مايان",
        "phone_code": "+47"
    },
    {
        "code": "SK",
        "name_ar": "سلوفاكيا",
        "phone_code": "+421"
    },
    {
        "code": "SL",
        "name_ar": "سيراليون",
        "phone_code": "+232"
    },
    {
        "code": "SM",
        "name_ar": "سان مارينو",
        "phone_code": "+378"
    },
    {
        "code": "SN",
        "name_ar": "السنغال",
        "phone_code": "+221"
    },
    {
        "code": "SO",
        "name_ar": "الصومال",
        "phone_code": "+252"
    },
    {
        "code": "SR",
        "name_ar": "سورينام",
        "phone_code": "+597"
    },
    {
        "code": "SS",
        "name_ar": "جنوب السودان",
        "phone_code": "+211"
    },
    {
        "code": "ST",
        "name_ar": "ساو تومي وبرينسيبي",
        "phone_code": "+239"
    },
    {
        "code": "SV",
        "name_ar": "السلفادور",
        "phone_code": "+503"
    },
    {
        "code": "SX",
        "name_ar": "سينت مارتن",
        "phone_code": "+1"
    },
    {
        "code": "SY",
        "name_ar": "سوريا",
        "phone_code": "+963"
    },
    {
        "code": "SZ",
        "name_ar": "سوازيلاند",
        "phone_code": "+268"
    },
    {
        "code": "TC",
        "name_ar": "جزر الترك وجايكوس",
        "phone_code": "+1"
    },
    {
        "code": "TD",
        "name_ar": "تشاد",
        "phone_code": "+235"
    },
    {
        "code": "TF",
        "name_ar": "المقاطعات الجنوبية الفرنسية",
        "phone_code": "+262"
    },
    {
        "code": "TG",
        "name_ar": "توجو",
        "phone_code": "+228"
    },
    {
        "code": "TH",
        "name_ar": "تايلند",
        "phone_code": "+66"
    },
    {
        "code": "TJ",
        "name_ar": "طاجكستان",
        "phone_code": "+992"
    },
    {
        "code": "TK",
        "name_ar": "توكيلو",
        "phone_code": "+690"
    },
    {
        "code": "TL",
        "name_ar": "تيمور الشرقية",
        "phone_code": "+670"
    },
    {
        "code": "TM",
        "name_ar": "تركمانستان",
        "phone_code": "+993"
    },
    {
        "code": "TN",
        "name_ar": "تونس",
        "phone_code": "+216"
    },
    {
        "code": "TO",
        "name_ar": "تونجا",
        "phone_code": "+676"
    },
    {
        "code": "TR",
        "name_ar": "تركيا",
        "phone_code": "+90"
    },
    {
        "code": "TT",
        "name_ar": "ترينيداد وتوباغو",
        "phone_code": "+1"
    },
    {
        "code": "TV",
        "name_ar": "توفالو",
        "phone_code": "+688"
    },
    {
        "code": "TW",
        "name_ar": "تايوان",
        "phone_code": "+886"
    },
    {
        "code": "TZ",
        "name_ar": "تانزانيا",
        "phone_code": "+255"
    },
    {
        "code": "UA",
        "name_ar": "أوكرانيا",
        "phone_code": "+380"
    },
    {
        "code": "UG",
        "name_ar": "أوغندا",
        "phone_code": "+256"
    },
    {
        "code": "UM",
        "name_ar": "جزر الولايات المتحدة البعيدة الصغيرة",
        "phone_code": ""
    },
    {
        "code": "US",
        "name_ar": "الولايات المتحدة الأمريكية",
        "phone_code": "+1"
    },
    {
        "code": "UY",
        "name_ar": "أورجواي",
        "phone_code": "+598"
    },
    {
        "code": "UZ",
        "name_ar": "أوزبكستان",
        "phone_code": "+998"
    },
    {
        "code": "VA",
        "name_ar": "الفاتيكان",
        "phone_code": "+379"
    },
    {
        "code": "VC",
        "name_ar": "سانت فنسنت وغرنادين",
        "phone_code": "+1"
    },
    {
        "code": "VE",
        "name_ar": "فنزويلا",
        "phone_code": "+58"
    },
    {
        "code": "VG",
        "name_ar": "جزر فرجين البريطانية",
        "phone_code": "+1"
    },
    {
        "code": "VI",
        "name_ar": "جزر فرجين الأمريكية",
        "phone_code": "+1"
    },
    {
        "code": "VN",
        "name_ar": "فيتنام",
        "phone_code": "+84"
    },
    {
        "code": "VU",
        "name_ar": "فانواتو",
        "phone_code": "+678"
    },
    {
        "code": "WF",
        "name_ar": "جزر والس وفوتونا",
        "phone_code": "+681"
    },
    {
        "code": "WS",
        "name_ar": "ساموا",
        "phone_code": "+685"
    },
    {
        "code": "XK",
        "name_ar": "كوسوفو",
        "phone_code": "+383"
    },
    {
        "code": "YE",
        "name_ar": "اليمن",
        "phone_code": "+967"
    },
    {
        "code": "YT",
        "name_ar": "مايوت",
        "phone_code": "+262"
    },
    {
        "code": "ZA",
        "name_ar": "جمهورية جنوب افريقيا",
        "phone_code": "+27"
    },
    {
        "code": "ZM",
        "name_ar": "زامبيا",
        "phone_code": "+260"
    },
    {
        "code": "ZW",
        "name_ar": "زيمبابوي",
        "phone_code": "+263"
    }
]
